{
  "baseline": {
    "base_projection": 54.895164489746094,
    "effect": [
      0.0,
      27.447582244873047,
      54.895164489746094,
      82.34274673461914,
      109.79032897949219,
      137.23791122436523
    ]
  },
  "evil_instructed": {
    "base_projection": 22.895490646362305,
    "effect": [
      0.0,
      11.447745323181152,
      22.895490646362305,
      34.34323596954346,
      45.79098129272461,
      57.23872661590576
    ]
  },
  "sycophantic_instructed": {
    "base_projection": 20.930295944213867,
    "effect": [
      0.0,
      10.465147972106934,
      20.930295944213867,
      31.3954439163208,
      41.860591888427734,
      52.32573986053467
    ]
  }
}